matrix_size,num_threads,time_ms,gflops
100,1,0.810588,2.46734
200,1,7.43291,2.15259
500,1,119.554,2.0911
1000,1,967.766,2.06662
2000,1,8834.27,1.81113
