matrix_size,num_procs,total_time,compute_time,comm_time,gflops
200,4,0.00326374,0.0032634,3.4e-07,4.90235
500,4,0.0405423,0.0405416,6.8e-07,6.16639
1000,4,0.301862,0.301862,3.6e-07,6.62554
2000,4,2.47695,2.47695,9.6e-07,6.45955
