matrix_size,num_threads,time_ms,gflops
50,1,0.0006,416.667
50,2,0.000835,299.401
50,4,0.001555,160.772
50,8,0.001364,183.284
100,1,0.000403,4962.78
100,2,0.000959,2085.51
100,4,0.001003,1994.02
100,8,0.001383,1446.13
150,1,0.000397,17002.5
150,2,0.001377,4901.96
150,4,0.000902,7483.37
150,8,0.001312,5144.82
200,1,0.000753,21248.3
200,2,0.001511,10589
200,4,0.001494,10709.5
200,8,0.001417,11291.5
300,1,0.000765,70588.2
300,2,0.000993,54380.7
300,4,0.001414,38189.5
300,8,0.001162,46471.6
